<?xml version="1.0"?>
<AudioWaveContainer>
  <Version value="1"/>
  <ChunkIndices value="True"/>
  <Streams>
    <Item>
      <Name>rcore_basic_lock</Name>
      <FileName>rcore_basic_lock_left.wav</FileName>
      <Chunks>
        <Item>
          <Type>peak</Type>
        </Item>
        <Item>
          <Type>data</Type>
        </Item>
        <Item>
          <Type>format</Type>
          <Codec>ADPCM</Codec>
          <Samples value="38080"/>
          <SampleRate value="32000"/>
          <Headroom value="-100"/>
          <PlayBegin value="0"/>
          <PlayEnd value="0"/>
          <LoopBegin value="0"/>
          <LoopEnd value="0"/>
          <LoopPoint value="-1"/>
          <Peak unk="0"/>
        </Item>
      </Chunks>
    </Item>
    <Item>
      <Name>rcore_basic_unlock</Name>
      <FileName>rcore_basic_unlock_left.wav</FileName>
      <Chunks>
        <Item>
          <Type>peak</Type>
        </Item>
        <Item>
          <Type>data</Type>
        </Item>
        <Item>
          <Type>format</Type>
          <Codec>ADPCM</Codec>
          <Samples value="40000"/>
          <SampleRate value="32000"/>
          <Headroom value="-100"/>
          <PlayBegin value="0"/>
          <PlayEnd value="0"/>
          <LoopBegin value="0"/>
          <LoopEnd value="0"/>
          <LoopPoint value="-1"/>
          <Peak unk="0"/>
        </Item>
      </Chunks>
    </Item>
    <Item>
      <Name>rcore_basic_handcuff</Name>
      <FileName>rcore_basic_handcuff_left.wav</FileName>
      <Chunks>
        <Item>
          <Type>peak</Type>
        </Item>
        <Item>
          <Type>data</Type>
        </Item>
        <Item>
          <Type>format</Type>
          <Codec>ADPCM</Codec>
          <Samples value="40000"/>
          <SampleRate value="32000"/>
          <Headroom value="-100"/>
          <PlayBegin value="0"/>
          <PlayEnd value="0"/>
          <LoopBegin value="0"/>
          <LoopEnd value="0"/>
          <LoopPoint value="-1"/>
          <Peak unk="0"/>
        </Item>
      </Chunks>
    </Item>
  </Streams>
</AudioWaveContainer>